employee_id,leave_type_id,start_date,end_date,duration,reason
NL-001,1,2021-09-28,2021-10-01,4,Vacation
NL-001,1,2021-06-30,2021-07-01,2,Vacation
NL-001,1,2021-10-13,2021-10-14,2,Vacation
NLI-001,1,2015-11-30,2015-12-01,2,Vacation
NLI-001,1,2015-07-29,2015-07-31,3,Vacation
NLI-001,1,2015-11-12,2015-11-14,3,Vacation
NLI-002,1,2015-02-21,2015-02-22,2,Vacation
NLI-002,1,2014-12-12,2014-12-13,2,Vacation
NL-002,1,2016-10-06,2016-10-09,4,Vacation
NL-002,1,2016-09-19,2016-09-21,3,Vacation
NL-002,1,2016-10-28,2016-10-31,4,Vacation
NL-002,4,2017-03-15,2017-03-16,2,Family bereavement
NL-002,5,2017-01-21,2017-01-21,1,LOP
NL-003,1,2015-10-23,2015-10-24,2,Vacation
NLI-003,1,2017-03-25,2017-03-28,4,Vacation
NLI-003,1,2017-02-11,2017-02-12,2,Vacation
NLI-003,4,2016-11-21,2016-11-24,4,Family bereavement
NLI-003,5,2017-02-11,2017-02-11,1,LOP
NL-004,1,2022-03-31,2022-04-02,3,Vacation
NL-004,1,2022-09-29,2022-10-01,3,Vacation
NL-004,1,2022-09-08,2022-09-09,2,Vacation
NL-004,2,2022-08-06,2022-08-09,4,Medical - Flu
NL-005,1,2015-10-25,2015-10-28,4,Vacation
NL-005,2,2015-05-07,2015-05-10,4,Medical - Flu
NL-006,1,2022-01-18,2022-01-19,2,Vacation
NL-006,1,2022-04-11,2022-04-14,4,Vacation
NL-006,1,2022-04-17,2022-04-19,3,Vacation
NLI-004,1,2016-03-30,2016-04-01,3,Vacation
NLI-004,1,2015-09-22,2015-09-23,2,Vacation
NLI-004,1,2015-11-01,2015-11-04,4,Vacation
NLI-005,1,2016-04-20,2016-04-21,2,Vacation
NLI-005,1,2016-11-30,2016-12-02,3,Vacation
NLI-005,1,2016-10-12,2016-10-15,4,Vacation
NLI-005,4,2016-06-02,2016-06-04,3,Family bereavement
NL-007,1,2019-10-24,2019-10-25,2,Vacation
NL-007,1,2019-04-24,2019-04-25,2,Vacation
NL-007,1,2019-06-02,2019-06-05,4,Vacation
NL-007,2,2019-09-06,2019-09-09,4,Medical - Flu
NL-008,1,2022-11-21,2022-11-24,4,Vacation
NL-008,2,2022-06-01,2022-06-04,4,Medical - Flu
NLI-006,1,2019-11-13,2019-11-15,3,Vacation
NL-009,1,2024-07-23,2024-07-26,4,Vacation
NL-009,2,2024-06-16,2024-06-19,4,Medical - Flu
NL-010,1,2018-11-11,2018-11-13,3,Vacation
NL-010,1,2018-09-17,2018-09-19,3,Vacation
NL-010,1,2018-12-01,2018-12-03,3,Vacation
NL-011,1,2016-05-10,2016-05-12,3,Vacation
NL-011,1,2016-10-24,2016-10-27,4,Vacation
NL-011,1,2016-08-06,2016-08-07,2,Vacation
NL-012,1,2021-09-23,2021-09-25,3,Vacation
NL-012,2,2021-07-31,2021-08-03,4,Medical - Flu
NL-013,1,2016-08-13,2016-08-14,2,Vacation
NL-013,1,2016-02-27,2016-02-28,2,Vacation
NL-013,1,2016-03-15,2016-03-17,3,Vacation
NLI-007,1,2017-11-14,2017-11-15,2,Vacation
NLI-007,1,2018-03-13,2018-03-15,3,Vacation
NL-014,1,2015-09-29,2015-10-02,4,Vacation
NL-014,1,2015-12-20,2015-12-22,3,Vacation
NLI-008,1,2020-02-17,2020-02-18,2,Vacation
NLI-008,1,2019-11-19,2019-11-20,2,Vacation
NLI-008,1,2020-06-02,2020-06-03,2,Vacation
NL-015,1,2023-02-19,2023-02-21,3,Vacation
NL-015,1,2023-02-20,2023-02-22,3,Vacation
NL-015,1,2023-02-26,2023-02-28,3,Vacation
NL-016,1,2023-01-07,2023-01-10,4,Vacation
NL-016,1,2023-04-12,2023-04-14,3,Vacation
NL-016,4,2023-08-27,2023-08-30,4,Family bereavement
NL-017,1,2016-10-05,2016-10-07,3,Vacation
NL-017,2,2017-02-04,2017-02-07,4,Medical - Flu
NL-018,1,2016-02-06,2016-02-07,2,Vacation
NL-018,2,2016-05-02,2016-05-05,4,Medical - Flu
NL-018,3,2016-05-28,2016-05-31,4,Care for family
NLI-009,1,2017-12-03,2017-12-05,3,Vacation
NLI-009,1,2017-10-10,2017-10-12,3,Vacation
NL-019,1,2018-07-19,2018-07-21,3,Vacation
NL-019,1,2018-01-15,2018-01-18,4,Vacation
NL-019,1,2018-05-28,2018-05-30,3,Vacation
NL-019,4,2018-03-30,2018-04-02,4,Family bereavement
NL-019,5,2017-11-30,2017-12-01,2,LOP
NL-020,1,2023-09-08,2023-09-10,3,Vacation
NL-020,2,2023-05-24,2023-05-27,4,Medical - Flu
NL-021,1,2020-09-08,2020-09-10,3,Vacation
NL-021,2,2020-12-25,2020-12-28,4,Medical - Flu
NL-022,1,2024-08-14,2024-08-15,2,Vacation
NL-022,1,2024-08-15,2024-08-17,3,Vacation
NL-022,1,2025-01-30,2025-01-31,2,Vacation
NL-023,1,2024-01-10,2024-01-12,3,Vacation
NL-023,1,2023-12-29,2023-12-31,3,Vacation
NL-023,2,2024-05-29,2024-06-01,4,Medical - Flu
NL-024,1,2023-12-08,2023-12-11,4,Vacation
NL-024,1,2024-04-01,2024-04-04,4,Vacation
NL-024,1,2023-12-22,2023-12-25,4,Vacation
NL-024,3,2024-01-04,2024-01-05,2,Care for family
NL-025,1,2022-01-06,2022-01-08,3,Vacation
NL-026,1,2015-02-16,2015-02-18,3,Vacation
NL-026,2,2014-11-13,2014-11-16,4,Medical - Flu
NL-027,1,2023-01-23,2023-01-26,4,Vacation
NL-027,1,2022-10-02,2022-10-04,3,Vacation
NL-027,1,2022-11-05,2022-11-06,2,Vacation
NL-027,2,2022-09-13,2022-09-16,4,Medical - Flu
NL-027,3,2022-10-19,2022-10-20,2,Care for family
NL-028,1,2017-05-20,2017-05-21,2,Vacation
NL-028,1,2017-02-04,2017-02-06,3,Vacation
NL-028,1,2017-03-20,2017-03-22,3,Vacation
NL-028,5,2016-11-01,2016-11-02,2,LOP
NL-029,1,2020-01-25,2020-01-28,4,Vacation
NL-029,3,2020-02-18,2020-02-22,5,Care for family
NL-029,5,2020-02-19,2020-02-20,2,LOP
NL-030,1,2022-06-09,2022-06-10,2,Vacation
NL-030,2,2022-06-26,2022-06-29,4,Medical - Flu
NL-031,1,2018-10-07,2018-10-08,2,Vacation
NL-031,1,2018-04-18,2018-04-20,3,Vacation
NL-032,1,2017-08-04,2017-08-07,4,Vacation
NL-032,2,2017-06-04,2017-06-07,4,Medical - Flu
NL-033,1,2018-02-20,2018-02-21,2,Vacation
NL-033,1,2018-08-19,2018-08-20,2,Vacation
NL-033,1,2018-04-14,2018-04-17,4,Vacation
NL-034,1,2019-04-18,2019-04-20,3,Vacation
NL-034,1,2019-05-09,2019-05-11,3,Vacation
NL-034,1,2019-02-28,2019-03-02,3,Vacation
NL-035,1,2023-07-18,2023-07-21,4,Vacation
NL-035,1,2023-09-02,2023-09-04,3,Vacation
NL-035,5,2023-10-01,2023-10-02,2,LOP
NLI-010,1,2020-03-16,2020-03-17,2,Vacation
NLI-010,2,2020-05-31,2020-06-03,4,Medical - Flu
NL-036,1,2017-05-15,2017-05-18,4,Vacation
NL-036,1,2017-05-05,2017-05-07,3,Vacation
NL-036,2,2016-11-23,2016-11-26,4,Medical - Flu
NL-037,1,2017-12-24,2017-12-26,3,Vacation
NL-037,1,2017-12-27,2017-12-30,4,Vacation
NL-037,2,2017-09-23,2017-09-26,4,Medical - Flu
NL-037,3,2017-11-06,2017-11-11,6,Care for family
NL-038,1,2019-10-25,2019-10-26,2,Vacation
NL-038,2,2020-03-20,2020-03-23,4,Medical - Flu
NL-038,5,2020-01-26,2020-01-26,1,LOP
NLI-011,1,2019-02-19,2019-02-20,2,Vacation
NLI-011,1,2019-01-18,2019-01-19,2,Vacation
NLI-011,3,2019-03-18,2019-03-21,4,Care for family
NLI-011,4,2018-10-17,2018-10-18,2,Family bereavement
NL-039,1,2021-11-12,2021-11-13,2,Vacation
NL-039,1,2021-12-13,2021-12-15,3,Vacation
NL-039,1,2022-03-12,2022-03-15,4,Vacation
NL-039,3,2022-07-14,2022-07-17,4,Care for family
NL-040,1,2022-09-15,2022-09-18,4,Vacation
NL-040,2,2022-08-02,2022-08-05,4,Medical - Flu
NL-040,3,2022-11-01,2022-11-04,4,Care for family
NL-041,1,2018-02-06,2018-02-09,4,Vacation
NL-042,1,2018-05-22,2018-05-25,4,Vacation
NL-042,1,2019-01-18,2019-01-21,4,Vacation
NL-042,1,2018-06-05,2018-06-06,2,Vacation
NL-042,2,2018-10-19,2018-10-22,4,Medical - Flu
NL-043,1,2016-08-28,2016-08-29,2,Vacation
NL-043,3,2016-07-24,2016-07-28,5,Care for family
NL-044,1,2024-03-07,2024-03-10,4,Vacation
NL-044,1,2024-04-24,2024-04-26,3,Vacation
NL-044,1,2024-03-12,2024-03-15,4,Vacation
NL-044,2,2024-02-20,2024-02-23,4,Medical - Flu
NL-045,1,2015-07-02,2015-07-05,4,Vacation
NL-045,1,2015-03-05,2015-03-07,3,Vacation
NL-046,1,2023-07-09,2023-07-12,4,Vacation
NL-046,1,2023-06-09,2023-06-11,3,Vacation
NL-046,3,2023-08-23,2023-08-28,6,Care for family
NL-047,1,2020-02-13,2020-02-15,3,Vacation
NL-047,1,2020-05-08,2020-05-11,4,Vacation
NL-047,2,2020-06-01,2020-06-04,4,Medical - Flu
NL-047,3,2020-08-02,2020-08-07,6,Care for family
NL-048,1,2015-06-07,2015-06-08,2,Vacation
NL-048,1,2015-09-10,2015-09-11,2,Vacation
NL-048,1,2015-07-19,2015-07-20,2,Vacation
NL-048,3,2015-08-26,2015-08-29,4,Care for family
NL-049,1,2021-07-12,2021-07-15,4,Vacation
NL-049,1,2021-08-23,2021-08-24,2,Vacation
NL-049,1,2021-05-22,2021-05-23,2,Vacation
NL-050,1,2022-02-26,2022-02-28,3,Vacation
NL-050,1,2022-01-17,2022-01-20,4,Vacation
NL-051,1,2020-12-30,2021-01-02,4,Vacation
NL-051,1,2021-05-11,2021-05-14,4,Vacation
NL-051,2,2020-10-03,2020-10-06,4,Medical - Flu
NL-051,5,2020-09-12,2020-09-12,1,LOP
NL-052,1,2025-05-09,2025-05-12,4,Vacation
NL-052,1,2025-04-23,2025-04-25,3,Vacation
NL-052,1,2025-02-21,2025-02-22,2,Vacation
NL-052,2,2025-01-15,2025-01-18,4,Medical - Flu
NL-052,5,2025-08-11,2025-08-12,2,LOP
NL-053,1,2023-06-19,2023-06-22,4,Vacation
NL-053,1,2022-11-14,2022-11-16,3,Vacation
NL-053,5,2022-12-28,2022-12-29,2,LOP
NL-054,1,2020-11-16,2020-11-17,2,Vacation
NL-055,1,2025-05-08,2025-05-09,2,Vacation
NL-055,1,2025-01-20,2025-01-23,4,Vacation
NL-055,2,2025-01-03,2025-01-06,4,Medical - Flu
NL-056,1,2014-06-06,2014-06-08,3,Vacation
NL-056,1,2014-11-02,2014-11-04,3,Vacation
NL-056,1,2014-06-17,2014-06-20,4,Vacation
NLI-012,1,2017-04-02,2017-04-04,3,Vacation
NLI-012,1,2017-03-08,2017-03-11,4,Vacation
NLI-012,2,2017-06-08,2017-06-11,4,Medical - Flu
NL-057,1,2014-05-03,2014-05-04,2,Vacation
NL-057,3,2014-12-10,2014-12-12,3,Care for family
NL-057,5,2014-05-04,2014-05-04,1,LOP
NL-058,1,2016-08-11,2016-08-14,4,Vacation
NL-058,1,2016-11-24,2016-11-25,2,Vacation
NL-058,1,2016-08-11,2016-08-12,2,Vacation
NLI-013,1,2021-06-30,2021-07-03,4,Vacation
NLI-013,1,2021-10-11,2021-10-13,3,Vacation
NLI-013,1,2022-01-05,2022-01-08,4,Vacation
NLI-013,2,2021-12-10,2021-12-13,4,Medical - Flu
NL-059,1,2017-05-05,2017-05-07,3,Vacation
NL-059,1,2017-03-17,2017-03-19,3,Vacation
NL-059,1,2017-10-19,2017-10-21,3,Vacation
NL-060,1,2016-01-19,2016-01-20,2,Vacation
NL-060,1,2016-03-01,2016-03-04,4,Vacation
NL-060,1,2016-06-29,2016-07-02,4,Vacation
NL-061,1,2018-05-13,2018-05-14,2,Vacation
NL-062,1,2019-09-10,2019-09-11,2,Vacation
NL-062,1,2019-11-23,2019-11-24,2,Vacation
NL-062,1,2019-09-15,2019-09-16,2,Vacation
NL-063,1,2020-12-04,2020-12-07,4,Vacation
NL-063,1,2020-11-17,2020-11-18,2,Vacation
NL-063,1,2021-06-07,2021-06-10,4,Vacation
NL-064,1,2022-03-10,2022-03-11,2,Vacation
NL-064,1,2022-07-29,2022-07-30,2,Vacation
NL-064,1,2022-04-04,2022-04-05,2,Vacation
NL-065,1,2015-03-31,2015-04-02,3,Vacation
NL-065,2,2014-12-28,2014-12-31,4,Medical - Flu
NL-066,1,2015-11-07,2015-11-09,3,Vacation
NL-066,1,2016-02-09,2016-02-12,4,Vacation
NL-066,1,2015-11-14,2015-11-15,2,Vacation
NL-067,1,2015-07-05,2015-07-07,3,Vacation
NL-067,1,2015-03-18,2015-03-21,4,Vacation
NL-067,2,2015-07-15,2015-07-18,4,Medical - Flu
NL-068,1,2023-04-02,2023-04-04,3,Vacation
NL-068,1,2023-06-28,2023-07-01,4,Vacation
NL-068,2,2023-10-25,2023-10-28,4,Medical - Flu
NL-069,1,2022-04-24,2022-04-26,3,Vacation
NL-069,1,2022-06-08,2022-06-09,2,Vacation
NL-069,1,2022-07-12,2022-07-15,4,Vacation
NL-070,1,2016-10-01,2016-10-04,4,Vacation
NL-070,1,2016-08-19,2016-08-22,4,Vacation
NL-070,1,2016-11-28,2016-11-29,2,Vacation
NL-071,1,2023-05-26,2023-05-29,4,Vacation
NL-071,1,2023-02-25,2023-02-27,3,Vacation
NL-071,1,2023-06-24,2023-06-27,4,Vacation
NL-072,1,2021-03-22,2021-03-25,4,Vacation
NL-072,1,2021-05-19,2021-05-21,3,Vacation
NL-072,1,2021-04-08,2021-04-10,3,Vacation
NL-072,3,2021-02-26,2021-02-28,3,Care for family
NL-073,1,2023-02-21,2023-02-23,3,Vacation
NL-073,1,2023-10-19,2023-10-20,2,Vacation
NL-073,3,2023-11-26,2023-11-27,2,Care for family
NL-074,1,2022-12-14,2022-12-16,3,Vacation
NL-074,1,2023-08-21,2023-08-24,4,Vacation
NL-074,2,2022-12-07,2022-12-10,4,Medical - Flu
NL-075,1,2023-02-11,2023-02-13,3,Vacation
NL-076,1,2017-07-09,2017-07-12,4,Vacation
NL-076,1,2017-05-23,2017-05-24,2,Vacation
NL-076,2,2017-07-23,2017-07-26,4,Medical - Flu
NLI-014,1,2023-10-22,2023-10-25,4,Vacation
NLI-014,1,2023-12-07,2023-12-10,4,Vacation
NLI-014,1,2023-09-11,2023-09-13,3,Vacation
NL-077,1,2016-01-19,2016-01-20,2,Vacation
NL-077,1,2016-04-29,2016-05-02,4,Vacation
NL-077,2,2016-02-09,2016-02-12,4,Medical - Flu
NL-077,3,2016-04-16,2016-04-19,4,Care for family
NL-078,1,2024-03-12,2024-03-13,2,Vacation
NL-078,2,2023-08-26,2023-08-29,4,Medical - Flu
NL-079,1,2019-05-02,2019-05-03,2,Vacation
NL-079,1,2019-02-19,2019-02-21,3,Vacation
NL-079,1,2019-04-23,2019-04-25,3,Vacation
NL-079,2,2018-10-07,2018-10-10,4,Medical - Flu
NL-080,1,2021-05-30,2021-06-01,3,Vacation
NL-080,1,2021-01-13,2021-01-16,4,Vacation
NL-081,1,2015-12-09,2015-12-11,3,Vacation
NL-081,1,2015-12-28,2015-12-30,3,Vacation
NL-081,2,2015-08-27,2015-08-30,4,Medical - Flu
NL-082,1,2024-06-30,2024-07-03,4,Vacation
NL-082,4,2024-04-10,2024-04-12,3,Family bereavement
NL-083,1,2023-07-26,2023-07-27,2,Vacation
NL-083,1,2023-10-21,2023-10-23,3,Vacation
NL-083,1,2023-07-26,2023-07-27,2,Vacation
NL-083,2,2023-06-03,2023-06-06,4,Medical - Flu
NL-083,3,2023-10-21,2023-10-25,5,Care for family
NL-084,1,2022-03-17,2022-03-20,4,Vacation
NL-084,1,2021-10-16,2021-10-17,2,Vacation
NL-084,1,2021-11-11,2021-11-13,3,Vacation
NL-084,2,2022-01-08,2022-01-11,4,Medical - Flu
NL-085,1,2017-10-14,2017-10-16,3,Vacation
NL-085,2,2017-12-21,2017-12-24,4,Medical - Flu
NL-085,3,2017-10-31,2017-11-02,3,Care for family
NL-086,1,2019-12-08,2019-12-11,4,Vacation
NL-086,1,2020-08-04,2020-08-06,3,Vacation
NL-086,1,2020-02-29,2020-03-01,2,Vacation
NL-086,3,2020-07-06,2020-07-07,2,Care for family
NL-087,1,2014-03-22,2014-03-23,2,Vacation
NL-087,1,2014-04-04,2014-04-05,2,Vacation
NL-087,2,2014-09-21,2014-09-24,4,Medical - Flu
NL-087,4,2014-05-06,2014-05-07,2,Family bereavement
NL-087,5,2014-03-25,2014-03-25,1,LOP
NLI-015,1,2021-08-26,2021-08-29,4,Vacation
NLI-015,1,2021-05-03,2021-05-04,2,Vacation
NLI-015,1,2021-02-02,2021-02-04,3,Vacation
NLI-015,3,2021-04-19,2021-04-24,6,Care for family
NL-088,1,2021-05-27,2021-05-29,3,Vacation
NL-088,2,2020-11-04,2020-11-07,4,Medical - Flu
NL-089,1,2021-02-01,2021-02-02,2,Vacation
NLI-016,1,2024-04-19,2024-04-20,2,Vacation
NLI-016,1,2024-08-31,2024-09-02,3,Vacation
NLI-016,4,2024-11-11,2024-11-12,2,Family bereavement
NL-090,1,2019-06-02,2019-06-05,4,Vacation
NL-090,1,2019-03-15,2019-03-16,2,Vacation
NL-091,1,2025-09-14,2025-09-17,4,Vacation
NL-091,1,2025-06-18,2025-06-19,2,Vacation
NL-091,1,2025-05-08,2025-05-10,3,Vacation
NL-091,2,2025-01-15,2025-01-18,4,Medical - Flu
NL-092,1,2023-01-05,2023-01-08,4,Vacation
NL-092,5,2022-09-11,2022-09-11,1,LOP
NL-093,1,2025-04-02,2025-04-03,2,Vacation
NL-093,1,2025-02-21,2025-02-22,2,Vacation
NL-093,2,2025-04-25,2025-04-28,4,Medical - Flu
NL-094,1,2022-01-15,2022-01-17,3,Vacation
NL-094,1,2022-09-04,2022-09-05,2,Vacation
NLI-017,1,2014-10-07,2014-10-08,2,Vacation
NLI-017,1,2014-08-16,2014-08-19,4,Vacation
NLI-017,1,2014-06-14,2014-06-15,2,Vacation
NLI-017,2,2014-04-21,2014-04-24,4,Medical - Flu
NL-095,1,2017-03-12,2017-03-13,2,Vacation
NL-095,2,2017-07-14,2017-07-17,4,Medical - Flu
NL-095,4,2017-07-24,2017-07-26,3,Family bereavement
NL-096,1,2017-04-27,2017-04-28,2,Vacation
NL-096,4,2016-11-20,2016-11-22,3,Family bereavement
NL-097,1,2020-10-03,2020-10-04,2,Vacation
NL-097,1,2021-03-01,2021-03-04,4,Vacation
NL-097,1,2020-08-05,2020-08-06,2,Vacation
NL-098,1,2019-07-14,2019-07-15,2,Vacation
NL-098,1,2019-07-07,2019-07-10,4,Vacation
NL-099,1,2015-07-26,2015-07-29,4,Vacation
NL-099,1,2015-10-27,2015-10-30,4,Vacation
NL-099,1,2015-10-21,2015-10-24,4,Vacation
NL-099,2,2015-06-24,2015-06-27,4,Medical - Flu
NL-099,3,2015-11-17,2015-11-18,2,Care for family
NL-100,1,2015-02-19,2015-02-22,4,Vacation
NL-101,1,2014-11-12,2014-11-14,3,Vacation
NL-102,1,2015-10-21,2015-10-22,2,Vacation
NL-102,1,2015-11-07,2015-11-09,3,Vacation
NL-102,1,2015-10-30,2015-11-02,4,Vacation
NL-103,1,2023-09-20,2023-09-22,3,Vacation
NL-103,1,2023-05-23,2023-05-24,2,Vacation
NL-103,2,2023-04-11,2023-04-14,4,Medical - Flu
NL-104,1,2015-12-19,2015-12-20,2,Vacation
NL-104,1,2015-11-16,2015-11-18,3,Vacation
NL-104,1,2015-08-06,2015-08-09,4,Vacation
NL-105,1,2015-11-24,2015-11-27,4,Vacation
NL-105,2,2015-12-15,2015-12-18,4,Medical - Flu
NL-106,1,2023-11-29,2023-12-02,4,Vacation
NL-106,1,2023-10-23,2023-10-25,3,Vacation
NL-106,1,2024-01-09,2024-01-12,4,Vacation
NL-107,1,2017-11-03,2017-11-06,4,Vacation
NL-107,1,2017-09-01,2017-09-03,3,Vacation
NL-107,1,2018-02-16,2018-02-18,3,Vacation
NL-107,3,2017-10-18,2017-10-19,2,Care for family
NL-108,1,2021-03-30,2021-03-31,2,Vacation
NL-108,1,2021-01-10,2021-01-13,4,Vacation
NL-109,1,2018-07-12,2018-07-14,3,Vacation
NL-109,1,2018-11-28,2018-11-29,2,Vacation
NL-109,1,2018-04-30,2018-05-03,4,Vacation
NL-110,1,2015-10-23,2015-10-26,4,Vacation
NL-110,1,2016-02-13,2016-02-16,4,Vacation
NL-110,2,2015-11-19,2015-11-22,4,Medical - Flu
NLI-018,1,2014-11-25,2014-11-27,3,Vacation
NL-111,1,2025-03-28,2025-03-30,3,Vacation
NL-111,1,2024-09-30,2024-10-02,3,Vacation
NL-111,1,2025-02-01,2025-02-03,3,Vacation
NL-111,2,2024-09-22,2024-09-25,4,Medical - Flu
NL-112,1,2022-07-09,2022-07-11,3,Vacation
NL-112,2,2022-04-05,2022-04-08,4,Medical - Flu
NLI-019,1,2023-12-02,2023-12-05,4,Vacation
NLI-019,1,2023-10-10,2023-10-12,3,Vacation
NLI-019,1,2023-12-07,2023-12-08,2,Vacation
NLI-019,2,2023-12-08,2023-12-11,4,Medical - Flu
NL-113,1,2025-01-04,2025-01-05,2,Vacation
NL-113,4,2025-02-06,2025-02-08,3,Family bereavement
NL-114,1,2023-04-20,2023-04-23,4,Vacation
NL-114,1,2023-10-24,2023-10-25,2,Vacation
NL-114,2,2023-08-28,2023-08-31,4,Medical - Flu
NL-115,1,2015-02-13,2015-02-14,2,Vacation
NL-115,1,2014-10-28,2014-10-29,2,Vacation
NL-116,1,2020-09-02,2020-09-05,4,Vacation
NL-116,1,2020-08-29,2020-08-31,3,Vacation
NL-116,1,2020-09-06,2020-09-08,3,Vacation
NL-116,2,2020-04-26,2020-04-29,4,Medical - Flu
NL-117,1,2020-09-30,2020-10-01,2,Vacation
NL-117,1,2021-02-20,2021-02-23,4,Vacation
NL-117,1,2020-10-11,2020-10-13,3,Vacation
NL-117,3,2021-01-08,2021-01-12,5,Care for family
NLI-020,1,2025-02-10,2025-02-12,3,Vacation
NLI-020,1,2025-01-30,2025-02-02,4,Vacation
NL-118,1,2022-04-09,2022-04-10,2,Vacation
NL-118,1,2022-05-31,2022-06-01,2,Vacation
NL-118,1,2022-04-29,2022-04-30,2,Vacation
NL-118,2,2022-04-25,2022-04-28,4,Medical - Flu
NL-118,3,2022-09-28,2022-09-29,2,Care for family
NL-119,1,2014-08-11,2014-08-14,4,Vacation
NL-119,5,2015-03-13,2015-03-14,2,LOP
NL-120,1,2017-11-24,2017-11-25,2,Vacation
NL-120,2,2017-09-01,2017-09-04,4,Medical - Flu
NL-121,1,2018-06-12,2018-06-15,4,Vacation
NL-121,2,2018-02-14,2018-02-17,4,Medical - Flu
NLI-021,1,2017-11-15,2017-11-18,4,Vacation
NLI-021,1,2017-10-08,2017-10-09,2,Vacation
NL-122,1,2018-08-24,2018-08-27,4,Vacation
NL-122,2,2018-06-11,2018-06-14,4,Medical - Flu
NL-123,1,2016-12-24,2016-12-26,3,Vacation
NL-123,2,2016-11-23,2016-11-26,4,Medical - Flu
NL-124,1,2016-02-24,2016-02-26,3,Vacation
NL-124,3,2016-01-22,2016-01-24,3,Care for family
NL-124,5,2016-03-27,2016-03-27,1,LOP
NLI-022,1,2018-02-05,2018-02-08,4,Vacation
NLI-022,1,2017-09-27,2017-09-29,3,Vacation
NLI-022,1,2017-06-05,2017-06-06,2,Vacation
NL-125,1,2018-08-10,2018-08-11,2,Vacation
NL-125,1,2018-12-29,2018-12-30,2,Vacation
NL-125,1,2019-01-01,2019-01-04,4,Vacation
NL-126,1,2017-01-07,2017-01-08,2,Vacation
NL-126,1,2016-09-26,2016-09-29,4,Vacation
NL-126,2,2016-11-13,2016-11-16,4,Medical - Flu
NL-126,3,2017-03-08,2017-03-09,2,Care for family
NL-126,4,2016-11-18,2016-11-21,4,Family bereavement
NL-126,5,2016-08-01,2016-08-01,1,LOP
NL-127,1,2022-10-17,2022-10-20,4,Vacation
NL-127,1,2022-06-26,2022-06-27,2,Vacation
NL-127,1,2022-08-18,2022-08-21,4,Vacation
NLI-023,1,2024-08-09,2024-08-12,4,Vacation
NLI-023,1,2025-01-12,2025-01-13,2,Vacation
NLI-023,5,2024-05-11,2024-05-12,2,LOP
NL-128,1,2016-08-07,2016-08-08,2,Vacation
NL-128,2,2016-03-06,2016-03-09,4,Medical - Flu
NLI-024,1,2015-03-06,2015-03-09,4,Vacation
NLI-024,2,2015-01-17,2015-01-20,4,Medical - Flu
NLI-024,5,2015-01-21,2015-01-22,2,LOP
NL-129,1,2018-03-14,2018-03-16,3,Vacation
NL-130,1,2017-02-05,2017-02-07,3,Vacation
NL-130,1,2017-09-28,2017-09-30,3,Vacation
NL-130,1,2017-07-29,2017-08-01,4,Vacation
NL-130,2,2017-02-26,2017-03-01,4,Medical - Flu
NL-131,1,2023-09-23,2023-09-24,2,Vacation
NL-132,1,2022-03-24,2022-03-26,3,Vacation
NL-132,1,2022-05-19,2022-05-20,2,Vacation
NLI-025,1,2016-04-06,2016-04-07,2,Vacation
NLI-025,1,2016-03-18,2016-03-21,4,Vacation
NLI-025,4,2016-10-05,2016-10-08,4,Family bereavement
NL-133,1,2020-10-08,2020-10-10,3,Vacation
NL-133,1,2021-02-11,2021-02-13,3,Vacation
NL-133,1,2020-09-20,2020-09-21,2,Vacation
NL-133,2,2021-01-13,2021-01-16,4,Medical - Flu
NL-133,3,2021-03-15,2021-03-18,4,Care for family
NL-134,1,2017-02-07,2017-02-10,4,Vacation
NL-134,1,2016-08-24,2016-08-27,4,Vacation
NL-134,1,2017-04-25,2017-04-28,4,Vacation
NL-135,1,2020-02-12,2020-02-14,3,Vacation
NL-135,1,2020-02-12,2020-02-13,2,Vacation
NL-136,1,2017-06-21,2017-06-22,2,Vacation
NL-136,1,2016-11-13,2016-11-15,3,Vacation
NL-137,1,2024-11-23,2024-11-26,4,Vacation
NL-137,1,2024-09-30,2024-10-02,3,Vacation
NL-138,1,2023-03-30,2023-04-01,3,Vacation
NL-138,1,2022-09-14,2022-09-16,3,Vacation
NL-138,1,2023-03-16,2023-03-18,3,Vacation
NL-139,1,2023-06-02,2023-06-04,3,Vacation
NL-139,1,2023-09-19,2023-09-20,2,Vacation
NL-139,1,2023-03-20,2023-03-21,2,Vacation
NL-140,1,2016-07-12,2016-07-15,4,Vacation
NL-140,1,2017-01-17,2017-01-20,4,Vacation
NL-140,1,2016-09-15,2016-09-16,2,Vacation
NL-141,1,2015-10-13,2015-10-15,3,Vacation
NL-141,1,2015-10-27,2015-10-29,3,Vacation
NL-141,1,2015-11-30,2015-12-03,4,Vacation
NL-141,4,2016-02-18,2016-02-21,4,Family bereavement
NL-142,1,2018-04-18,2018-04-21,4,Vacation
NL-142,1,2018-02-12,2018-02-14,3,Vacation
NL-142,2,2017-12-30,2018-01-02,4,Medical - Flu
NL-143,1,2015-04-21,2015-04-23,3,Vacation
NL-143,1,2015-06-04,2015-06-07,4,Vacation
NL-143,1,2015-10-25,2015-10-26,2,Vacation
NL-144,1,2020-04-14,2020-04-15,2,Vacation
NL-144,1,2020-04-01,2020-04-02,2,Vacation
NL-144,2,2020-08-13,2020-08-16,4,Medical - Flu
NL-144,3,2020-08-06,2020-08-10,5,Care for family
NL-145,1,2023-03-18,2023-03-19,2,Vacation
NL-145,1,2023-10-16,2023-10-19,4,Vacation
NL-145,1,2023-07-28,2023-07-29,2,Vacation
NL-145,2,2023-06-22,2023-06-25,4,Medical - Flu
NL-146,1,2019-11-11,2019-11-13,3,Vacation
NL-146,1,2019-07-31,2019-08-03,4,Vacation
NL-146,4,2019-10-04,2019-10-07,4,Family bereavement
NLI-026,1,2020-12-11,2020-12-13,3,Vacation
NLI-026,1,2020-09-24,2020-09-25,2,Vacation
NLI-026,1,2020-07-27,2020-07-30,4,Vacation
NL-147,1,2015-09-27,2015-09-30,4,Vacation
NL-147,2,2015-03-19,2015-03-22,4,Medical - Flu
NL-148,1,2023-06-28,2023-06-30,3,Vacation
NL-148,1,2023-06-18,2023-06-19,2,Vacation
NL-148,2,2023-10-22,2023-10-25,4,Medical - Flu
NL-149,1,2018-06-21,2018-06-22,2,Vacation
NL-150,1,2014-11-17,2014-11-20,4,Vacation
NL-150,2,2015-02-17,2015-02-20,4,Medical - Flu
NL-150,3,2015-03-05,2015-03-10,6,Care for family
NL-151,1,2017-04-16,2017-04-19,4,Vacation
NL-152,1,2015-09-07,2015-09-10,4,Vacation
NL-152,2,2015-08-22,2015-08-25,4,Medical - Flu
NL-152,5,2015-06-29,2015-06-29,1,LOP
NL-153,1,2020-08-09,2020-08-11,3,Vacation
NL-153,1,2020-04-21,2020-04-24,4,Vacation
NL-153,1,2020-04-05,2020-04-07,3,Vacation
NL-154,1,2019-11-03,2019-11-05,3,Vacation
NL-154,1,2019-07-20,2019-07-21,2,Vacation
NL-154,3,2020-01-18,2020-01-22,5,Care for family
NL-155,1,2018-01-05,2018-01-06,2,Vacation
NL-155,1,2018-02-26,2018-03-01,4,Vacation
NL-155,3,2018-08-13,2018-08-14,2,Care for family
NLI-027,1,2018-11-05,2018-11-07,3,Vacation
NLI-028,1,2021-10-04,2021-10-06,3,Vacation
NLI-028,2,2021-09-25,2021-09-28,4,Medical - Flu
NL-156,1,2025-05-26,2025-05-29,4,Vacation
NL-156,1,2025-05-08,2025-05-10,3,Vacation
NL-156,1,2025-07-20,2025-07-22,3,Vacation
NL-157,1,2017-12-20,2017-12-23,4,Vacation
NL-157,1,2017-11-19,2017-11-22,4,Vacation
NL-158,1,2023-12-24,2023-12-26,3,Vacation
NL-158,1,2024-04-19,2024-04-22,4,Vacation
NL-158,5,2024-01-11,2024-01-11,1,LOP
NL-159,1,2023-02-25,2023-02-26,2,Vacation
NL-159,4,2023-09-21,2023-09-24,4,Family bereavement
NL-160,1,2024-01-11,2024-01-14,4,Vacation
NL-160,2,2024-03-19,2024-03-22,4,Medical - Flu
NL-160,4,2024-01-09,2024-01-12,4,Family bereavement
NL-161,1,2023-10-21,2023-10-23,3,Vacation
NL-161,1,2023-07-13,2023-07-16,4,Vacation
NL-162,1,2018-01-30,2018-02-02,4,Vacation
NL-163,1,2021-11-08,2021-11-10,3,Vacation
NL-163,2,2021-09-01,2021-09-04,4,Medical - Flu
NL-164,1,2020-10-11,2020-10-14,4,Vacation
NL-164,2,2020-06-24,2020-06-27,4,Medical - Flu
NL-164,3,2021-01-20,2021-01-24,5,Care for family
NL-165,1,2024-10-23,2024-10-24,2,Vacation
NL-165,1,2024-10-05,2024-10-07,3,Vacation
NL-165,1,2024-10-27,2024-10-28,2,Vacation
NL-165,2,2024-08-22,2024-08-25,4,Medical - Flu
NL-165,5,2024-06-03,2024-06-03,1,LOP
NL-166,1,2024-10-24,2024-10-25,2,Vacation
NL-166,1,2025-02-06,2025-02-08,3,Vacation
NL-166,1,2025-02-02,2025-02-04,3,Vacation
NL-166,2,2025-02-07,2025-02-10,4,Medical - Flu
NL-166,4,2025-03-09,2025-03-12,4,Family bereavement
NL-167,1,2023-11-16,2023-11-18,3,Vacation
NL-167,1,2023-04-30,2023-05-01,2,Vacation
NL-167,3,2023-11-18,2023-11-22,5,Care for family
NL-168,1,2023-06-13,2023-06-16,4,Vacation
NL-168,1,2023-09-05,2023-09-06,2,Vacation
NL-168,3,2023-10-31,2023-11-04,5,Care for family
NL-168,5,2023-05-11,2023-05-12,2,LOP
NL-169,1,2020-09-04,2020-09-05,2,Vacation
NL-169,1,2020-12-31,2021-01-01,2,Vacation
NL-169,1,2021-01-09,2021-01-11,3,Vacation
NL-169,2,2020-08-28,2020-08-31,4,Medical - Flu
NL-170,1,2022-07-29,2022-07-31,3,Vacation
NL-170,1,2022-07-28,2022-07-29,2,Vacation
NL-171,1,2023-09-10,2023-09-12,3,Vacation
NL-171,4,2023-08-02,2023-08-04,3,Family bereavement
NL-172,1,2017-02-23,2017-02-25,3,Vacation
NL-172,1,2017-03-14,2017-03-16,3,Vacation
NL-173,1,2014-08-19,2014-08-22,4,Vacation
NL-173,1,2014-10-27,2014-10-30,4,Vacation
NL-173,2,2014-08-02,2014-08-05,4,Medical - Flu
NL-174,1,2016-02-15,2016-02-16,2,Vacation
NL-174,1,2015-10-25,2015-10-28,4,Vacation
NL-174,1,2016-02-17,2016-02-20,4,Vacation
NL-174,2,2015-10-01,2015-10-04,4,Medical - Flu
NL-175,1,2018-04-17,2018-04-18,2,Vacation
NL-175,2,2018-08-31,2018-09-03,4,Medical - Flu
NL-176,1,2019-12-17,2019-12-19,3,Vacation
NL-176,5,2019-09-15,2019-09-15,1,LOP
NL-177,1,2016-10-21,2016-10-24,4,Vacation
NL-177,1,2016-08-19,2016-08-20,2,Vacation
NL-177,1,2016-02-28,2016-02-29,2,Vacation
NL-177,2,2016-03-10,2016-03-13,4,Medical - Flu
NL-178,1,2022-09-27,2022-09-28,2,Vacation
NL-178,1,2022-04-24,2022-04-25,2,Vacation
NL-178,2,2022-07-10,2022-07-13,4,Medical - Flu
NL-179,1,2022-01-11,2022-01-12,2,Vacation
NL-180,1,2022-03-27,2022-03-29,3,Vacation
NL-180,1,2022-02-22,2022-02-24,3,Vacation
NL-180,3,2021-09-10,2021-09-14,5,Care for family
NLI-029,1,2018-01-26,2018-01-27,2,Vacation
NLI-029,1,2017-07-06,2017-07-07,2,Vacation
NLI-029,1,2017-07-06,2017-07-08,3,Vacation
NLI-029,3,2018-03-05,2018-03-08,4,Care for family
NL-181,1,2014-11-10,2014-11-11,2,Vacation
NL-181,1,2015-01-28,2015-01-30,3,Vacation
NL-181,1,2015-01-06,2015-01-09,4,Vacation
NLI-030,1,2018-02-18,2018-02-20,3,Vacation
NLI-030,2,2018-05-07,2018-05-10,4,Medical - Flu
NL-182,1,2017-05-02,2017-05-03,2,Vacation
NL-182,1,2017-08-10,2017-08-12,3,Vacation
NL-182,2,2017-04-25,2017-04-28,4,Medical - Flu
NLI-031,1,2016-08-05,2016-08-07,3,Vacation
NLI-031,1,2016-09-04,2016-09-06,3,Vacation
NL-183,1,2020-10-26,2020-10-29,4,Vacation
NL-183,1,2020-05-23,2020-05-24,2,Vacation
NL-183,1,2020-08-10,2020-08-13,4,Vacation
NL-183,3,2020-11-02,2020-11-03,2,Care for family
NL-184,1,2016-11-16,2016-11-18,3,Vacation
NL-184,2,2017-01-15,2017-01-18,4,Medical - Flu
NL-184,4,2017-06-02,2017-06-04,3,Family bereavement
NL-185,1,2016-12-04,2016-12-07,4,Vacation
NL-186,1,2020-04-28,2020-05-01,4,Vacation
NL-186,1,2019-12-24,2019-12-27,4,Vacation
NL-186,1,2020-05-20,2020-05-23,4,Vacation
NL-186,2,2020-03-28,2020-03-31,4,Medical - Flu
NL-186,3,2020-04-29,2020-05-04,6,Care for family
NL-186,4,2020-05-08,2020-05-10,3,Family bereavement
NL-187,1,2023-11-13,2023-11-14,2,Vacation
NL-187,1,2024-07-26,2024-07-28,3,Vacation
NL-188,1,2016-06-26,2016-06-29,4,Vacation
NL-188,1,2016-05-04,2016-05-06,3,Vacation
NL-188,2,2016-06-11,2016-06-14,4,Medical - Flu
NL-189,1,2014-08-02,2014-08-04,3,Vacation
NL-190,1,2022-03-10,2022-03-12,3,Vacation
NL-190,1,2022-06-21,2022-06-23,3,Vacation
NL-190,2,2022-05-24,2022-05-27,4,Medical - Flu
NL-190,3,2022-09-07,2022-09-09,3,Care for family
NL-190,4,2022-06-10,2022-06-12,3,Family bereavement
NL-191,1,2022-06-27,2022-06-30,4,Vacation
NL-191,1,2022-07-18,2022-07-21,4,Vacation
NL-191,2,2022-05-16,2022-05-19,4,Medical - Flu
NL-191,3,2022-09-27,2022-09-30,4,Care for family
NL-192,1,2021-05-18,2021-05-19,2,Vacation
NL-192,2,2021-09-26,2021-09-29,4,Medical - Flu
NLI-032,1,2015-09-26,2015-09-27,2,Vacation
NLI-032,1,2016-02-11,2016-02-14,4,Vacation
NLI-032,5,2015-10-24,2015-10-24,1,LOP
NL-193,1,2023-02-27,2023-03-02,4,Vacation
NL-194,1,2023-11-25,2023-11-28,4,Vacation
NL-194,2,2023-07-30,2023-08-02,4,Medical - Flu
NL-195,1,2021-06-19,2021-06-21,3,Vacation
NL-195,1,2021-06-05,2021-06-08,4,Vacation
NL-195,2,2020-12-12,2020-12-15,4,Medical - Flu
NL-196,1,2020-02-24,2020-02-25,2,Vacation
NL-197,1,2018-07-18,2018-07-20,3,Vacation
NL-197,1,2019-02-20,2019-02-22,3,Vacation
NL-197,2,2018-11-30,2018-12-03,4,Medical - Flu
NL-198,1,2022-05-14,2022-05-16,3,Vacation
NL-198,1,2021-11-28,2021-11-30,3,Vacation
NL-199,1,2019-07-11,2019-07-13,3,Vacation
NL-199,1,2019-05-05,2019-05-07,3,Vacation
NL-199,2,2019-09-07,2019-09-10,4,Medical - Flu
NL-200,1,2018-06-13,2018-06-15,3,Vacation
NL-200,4,2018-07-29,2018-08-01,4,Family bereavement
NL-201,1,2018-04-03,2018-04-05,3,Vacation
NL-201,1,2018-04-21,2018-04-24,4,Vacation
NL-201,1,2018-05-19,2018-05-20,2,Vacation
NL-202,1,2023-09-13,2023-09-15,3,Vacation
NL-203,1,2022-04-10,2022-04-12,3,Vacation
NLI-033,1,2019-08-28,2019-08-30,3,Vacation
NLI-033,1,2019-10-10,2019-10-13,4,Vacation
NLI-033,1,2019-08-17,2019-08-20,4,Vacation
NL-204,1,2020-04-11,2020-04-12,2,Vacation
NL-204,3,2020-10-15,2020-10-18,4,Care for family
NL-204,4,2020-07-19,2020-07-21,3,Family bereavement
NL-204,5,2020-09-22,2020-09-23,2,LOP
NL-205,1,2021-07-30,2021-08-02,4,Vacation
NL-205,1,2022-04-16,2022-04-18,3,Vacation
NL-205,2,2021-10-02,2021-10-05,4,Medical - Flu
NL-206,1,2017-03-27,2017-03-30,4,Vacation
NL-207,1,2023-08-01,2023-08-04,4,Vacation
NL-207,1,2023-10-24,2023-10-25,2,Vacation
NL-207,1,2024-03-01,2024-03-02,2,Vacation
NLI-034,1,2024-06-12,2024-06-13,2,Vacation
NLI-034,2,2024-03-18,2024-03-21,4,Medical - Flu
NL-208,1,2018-12-14,2018-12-17,4,Vacation
NL-209,1,2022-12-01,2022-12-02,2,Vacation
NL-209,1,2022-12-05,2022-12-07,3,Vacation
NL-209,1,2023-04-22,2023-04-23,2,Vacation
NL-210,1,2018-12-28,2018-12-31,4,Vacation
NL-211,1,2022-02-16,2022-02-19,4,Vacation
NL-211,1,2022-04-08,2022-04-09,2,Vacation
NL-211,1,2022-05-10,2022-05-11,2,Vacation
NL-211,2,2022-04-11,2022-04-14,4,Medical - Flu
NL-212,1,2020-02-26,2020-02-29,4,Vacation
NL-212,4,2020-04-05,2020-04-07,3,Family bereavement
NL-213,1,2019-06-05,2019-06-06,2,Vacation
NL-213,1,2019-03-16,2019-03-17,2,Vacation
NL-213,1,2019-06-16,2019-06-18,3,Vacation
NL-213,5,2019-04-16,2019-04-17,2,LOP
NLI-035,1,2019-02-25,2019-02-26,2,Vacation
NLI-035,2,2019-02-28,2019-03-03,4,Medical - Flu
NL-214,1,2018-09-24,2018-09-25,2,Vacation
NL-214,1,2018-08-16,2018-08-17,2,Vacation
NL-215,1,2017-02-06,2017-02-07,2,Vacation
NL-215,1,2017-05-26,2017-05-28,3,Vacation
NL-215,1,2017-06-06,2017-06-08,3,Vacation
NL-215,2,2017-04-18,2017-04-21,4,Medical - Flu
NL-215,3,2017-09-03,2017-09-07,5,Care for family
NL-215,5,2017-06-11,2017-06-11,1,LOP
NL-216,1,2022-04-12,2022-04-13,2,Vacation
NL-217,1,2018-04-15,2018-04-18,4,Vacation
NL-217,1,2018-09-27,2018-09-29,3,Vacation
NL-217,1,2018-04-08,2018-04-11,4,Vacation
NL-217,2,2018-01-25,2018-01-28,4,Medical - Flu
NL-217,4,2018-06-28,2018-07-01,4,Family bereavement
NL-218,1,2021-08-07,2021-08-10,4,Vacation
NL-219,1,2016-11-10,2016-11-12,3,Vacation
NL-219,2,2016-12-01,2016-12-04,4,Medical - Flu
NLI-036,1,2019-09-18,2019-09-20,3,Vacation
NLI-036,1,2019-02-09,2019-02-11,3,Vacation
NLI-036,2,2019-05-19,2019-05-22,4,Medical - Flu
NL-220,1,2021-08-31,2021-09-02,3,Vacation
NL-220,1,2021-08-12,2021-08-15,4,Vacation
NL-220,2,2021-02-12,2021-02-15,4,Medical - Flu
NL-220,3,2021-06-25,2021-06-28,4,Care for family
NL-221,1,2019-04-20,2019-04-23,4,Vacation
NL-221,2,2019-01-11,2019-01-14,4,Medical - Flu
NL-222,1,2018-03-03,2018-03-05,3,Vacation
NL-223,1,2023-01-06,2023-01-08,3,Vacation
NL-223,1,2023-06-12,2023-06-15,4,Vacation
NL-224,1,2020-03-19,2020-03-20,2,Vacation
NL-224,1,2020-02-13,2020-02-16,4,Vacation
NL-225,1,2021-11-24,2021-11-27,4,Vacation
NL-225,1,2021-06-20,2021-06-22,3,Vacation
NL-225,1,2021-05-06,2021-05-07,2,Vacation
NL-226,1,2019-06-25,2019-06-26,2,Vacation
NL-226,1,2019-05-20,2019-05-21,2,Vacation
NL-227,1,2023-10-19,2023-10-22,4,Vacation
NL-227,1,2023-10-16,2023-10-17,2,Vacation
NL-227,1,2024-03-09,2024-03-11,3,Vacation
NL-228,1,2021-05-02,2021-05-03,2,Vacation
NL-228,2,2021-07-27,2021-07-30,4,Medical - Flu
NL-229,1,2024-10-22,2024-10-25,4,Vacation
NL-229,1,2024-12-03,2024-12-06,4,Vacation
NL-230,1,2017-02-12,2017-02-15,4,Vacation
NL-230,2,2016-09-27,2016-09-30,4,Medical - Flu
NL-231,1,2016-01-31,2016-02-03,4,Vacation
NL-231,1,2015-07-13,2015-07-16,4,Vacation
NL-231,2,2015-08-19,2015-08-22,4,Medical - Flu
NL-231,3,2016-03-20,2016-03-21,2,Care for family
NL-232,1,2016-11-26,2016-11-28,3,Vacation
NL-232,2,2016-08-09,2016-08-12,4,Medical - Flu
NL-233,1,2016-02-26,2016-02-28,3,Vacation
NL-234,1,2023-11-24,2023-11-25,2,Vacation
NL-234,2,2023-07-01,2023-07-04,4,Medical - Flu
NLI-037,1,2015-04-16,2015-04-17,2,Vacation
NLI-037,2,2014-08-26,2014-08-29,4,Medical - Flu
NLI-037,3,2015-01-03,2015-01-07,5,Care for family
NL-235,1,2019-09-15,2019-09-17,3,Vacation
NL-235,2,2020-02-07,2020-02-10,4,Medical - Flu
NL-236,1,2014-11-23,2014-11-25,3,Vacation
NL-237,1,2019-06-08,2019-06-10,3,Vacation
NL-237,1,2019-11-17,2019-11-18,2,Vacation
NL-237,1,2019-06-04,2019-06-05,2,Vacation
NL-237,2,2019-05-30,2019-06-02,4,Medical - Flu
NL-237,5,2019-07-10,2019-07-10,1,LOP
NL-238,1,2018-07-18,2018-07-21,4,Vacation
NL-238,1,2018-08-29,2018-08-30,2,Vacation
NL-238,2,2018-05-10,2018-05-13,4,Medical - Flu
NL-239,1,2022-02-10,2022-02-13,4,Vacation
NL-239,2,2022-04-24,2022-04-27,4,Medical - Flu
NL-240,1,2025-07-04,2025-07-07,4,Vacation
NL-240,2,2025-04-26,2025-04-29,4,Medical - Flu
NL-241,1,2018-11-10,2018-11-12,3,Vacation
NL-241,3,2018-10-14,2018-10-16,3,Care for family
NLI-038,1,2023-07-21,2023-07-22,2,Vacation
NLI-038,1,2023-10-21,2023-10-24,4,Vacation
NLI-038,1,2023-08-21,2023-08-24,4,Vacation
NLI-038,4,2023-08-31,2023-09-01,2,Family bereavement
NL-242,1,2015-09-29,2015-10-01,3,Vacation
NL-242,1,2015-06-11,2015-06-12,2,Vacation
NL-242,1,2015-12-14,2015-12-15,2,Vacation
NL-242,2,2015-09-09,2015-09-12,4,Medical - Flu
NL-242,5,2015-08-03,2015-08-04,2,LOP
NL-243,1,2020-12-23,2020-12-25,3,Vacation
NL-244,1,2024-10-08,2024-10-09,2,Vacation
NL-244,1,2024-11-10,2024-11-13,4,Vacation
NL-244,1,2024-03-03,2024-03-04,2,Vacation
NL-244,2,2024-07-09,2024-07-12,4,Medical - Flu
NL-244,3,2024-07-11,2024-07-13,3,Care for family
NL-245,1,2016-11-04,2016-11-06,3,Vacation
NL-246,1,2015-04-18,2015-04-21,4,Vacation
NL-246,1,2015-05-18,2015-05-19,2,Vacation
NLI-039,1,2019-04-26,2019-04-28,3,Vacation
NLI-039,1,2019-06-02,2019-06-03,2,Vacation
NLI-039,1,2019-05-31,2019-06-01,2,Vacation
NLI-039,2,2019-01-29,2019-02-01,4,Medical - Flu
NL-247,1,2023-11-03,2023-11-05,3,Vacation
NL-247,1,2023-08-30,2023-09-02,4,Vacation
NL-247,1,2023-11-30,2023-12-01,2,Vacation
NL-247,3,2023-09-23,2023-09-27,5,Care for family
NL-248,1,2022-12-23,2022-12-24,2,Vacation
NL-248,1,2022-10-20,2022-10-23,4,Vacation
NL-248,2,2022-09-13,2022-09-16,4,Medical - Flu
NL-248,3,2022-11-10,2022-11-11,2,Care for family
NL-249,1,2017-02-12,2017-02-14,3,Vacation
NL-249,1,2017-06-03,2017-06-05,3,Vacation
NL-249,2,2016-11-10,2016-11-13,4,Medical - Flu
NL-250,1,2017-06-28,2017-06-29,2,Vacation
NLI-040,1,2020-06-24,2020-06-27,4,Vacation
NLI-040,2,2020-04-18,2020-04-21,4,Medical - Flu
NL-251,1,2023-10-18,2023-10-19,2,Vacation
NL-251,1,2023-05-04,2023-05-07,4,Vacation
NL-252,1,2017-07-11,2017-07-14,4,Vacation
NL-252,1,2018-02-25,2018-02-26,2,Vacation
NL-252,3,2018-02-21,2018-02-23,3,Care for family
NL-253,1,2025-01-20,2025-01-23,4,Vacation
NL-253,1,2025-01-07,2025-01-10,4,Vacation
NL-253,1,2025-05-24,2025-05-26,3,Vacation
NL-253,2,2024-12-21,2024-12-24,4,Medical - Flu
NLI-041,1,2019-07-09,2019-07-11,3,Vacation
NLI-041,3,2019-09-19,2019-09-23,5,Care for family
NL-254,1,2014-10-10,2014-10-11,2,Vacation
NL-254,1,2014-08-22,2014-08-23,2,Vacation
NL-255,1,2021-04-25,2021-04-28,4,Vacation
NL-255,1,2021-06-22,2021-06-23,2,Vacation
NL-255,2,2021-05-10,2021-05-13,4,Medical - Flu
NL-256,1,2021-06-08,2021-06-11,4,Vacation
NL-256,1,2021-02-07,2021-02-09,3,Vacation
NL-257,1,2022-09-10,2022-09-11,2,Vacation
NL-257,1,2022-05-09,2022-05-11,3,Vacation
NL-258,1,2025-04-04,2025-04-06,3,Vacation
NL-258,1,2025-10-17,2025-10-20,4,Vacation
NL-258,2,2025-05-30,2025-06-02,4,Medical - Flu
NL-258,4,2025-04-14,2025-04-17,4,Family bereavement
NL-259,1,2020-05-16,2020-05-17,2,Vacation
NL-259,2,2020-07-10,2020-07-13,4,Medical - Flu
NL-260,1,2020-02-23,2020-02-24,2,Vacation
NL-260,1,2020-04-22,2020-04-25,4,Vacation
NL-260,1,2019-12-20,2019-12-22,3,Vacation
NL-260,2,2019-09-19,2019-09-22,4,Medical - Flu
NL-261,1,2023-07-26,2023-07-28,3,Vacation
NL-261,1,2023-06-26,2023-06-29,4,Vacation
NL-261,1,2023-11-22,2023-11-23,2,Vacation
NL-261,3,2024-01-19,2024-01-21,3,Care for family
NL-262,1,2016-02-12,2016-02-14,3,Vacation
NL-263,1,2025-03-04,2025-03-06,3,Vacation
NL-263,3,2025-01-18,2025-01-20,3,Care for family
NL-264,1,2023-09-26,2023-09-28,3,Vacation
NL-264,1,2024-01-12,2024-01-13,2,Vacation
NL-264,2,2023-08-29,2023-09-01,4,Medical - Flu
NL-264,3,2024-05-14,2024-05-16,3,Care for family
NL-265,1,2014-09-26,2014-09-27,2,Vacation
NL-265,1,2014-11-13,2014-11-16,4,Vacation
NL-265,1,2014-11-20,2014-11-21,2,Vacation
NL-265,5,2015-02-07,2015-02-08,2,LOP
NL-266,1,2020-10-04,2020-10-06,3,Vacation
NL-266,1,2020-06-02,2020-06-05,4,Vacation
NL-267,1,2020-12-21,2020-12-22,2,Vacation
NL-267,1,2020-08-12,2020-08-15,4,Vacation
NL-268,1,2023-05-22,2023-05-23,2,Vacation
NL-268,1,2023-03-22,2023-03-25,4,Vacation
NL-268,5,2023-01-09,2023-01-09,1,LOP
NLI-042,1,2019-03-02,2019-03-03,2,Vacation
NLI-042,1,2019-01-22,2019-01-24,3,Vacation
NL-269,1,2020-06-23,2020-06-25,3,Vacation
NL-269,1,2020-08-21,2020-08-22,2,Vacation
NL-269,1,2020-05-30,2020-05-31,2,Vacation
NL-270,1,2023-09-28,2023-09-29,2,Vacation
NL-270,1,2023-08-11,2023-08-12,2,Vacation
NL-270,1,2023-07-11,2023-07-13,3,Vacation
NL-271,1,2020-05-21,2020-05-24,4,Vacation
NL-271,1,2020-05-23,2020-05-24,2,Vacation
NL-271,3,2020-04-25,2020-04-27,3,Care for family
NL-272,1,2020-07-02,2020-07-03,2,Vacation
NL-272,1,2020-07-06,2020-07-07,2,Vacation
NL-272,2,2020-11-07,2020-11-10,4,Medical - Flu
NL-273,1,2019-11-13,2019-11-16,4,Vacation
NL-274,1,2018-02-25,2018-02-26,2,Vacation
NL-274,1,2018-01-30,2018-01-31,2,Vacation
NL-274,2,2018-05-07,2018-05-10,4,Medical - Flu
NL-275,1,2017-01-28,2017-01-29,2,Vacation
NL-275,1,2016-12-11,2016-12-12,2,Vacation
NL-275,2,2017-03-31,2017-04-03,4,Medical - Flu
NL-275,3,2017-03-06,2017-03-09,4,Care for family
NL-276,1,2015-07-27,2015-07-29,3,Vacation
NL-276,1,2015-07-16,2015-07-18,3,Vacation
NL-276,1,2015-08-31,2015-09-01,2,Vacation
NL-276,3,2015-11-27,2015-12-02,6,Care for family
NL-277,1,2017-10-28,2017-10-31,4,Vacation
NL-278,1,2015-03-01,2015-03-02,2,Vacation
NL-279,1,2025-01-21,2025-01-24,4,Vacation
NL-279,2,2024-12-28,2024-12-31,4,Medical - Flu
NL-279,5,2024-12-01,2024-12-01,1,LOP
NL-280,1,2021-07-06,2021-07-09,4,Vacation
NL-281,1,2017-07-02,2017-07-03,2,Vacation
NL-281,1,2017-06-09,2017-06-10,2,Vacation
NL-281,3,2017-04-09,2017-04-10,2,Care for family
NL-281,4,2017-07-29,2017-08-01,4,Family bereavement
NL-282,1,2016-10-17,2016-10-20,4,Vacation
NL-282,1,2016-06-02,2016-06-05,4,Vacation
NL-282,2,2016-08-12,2016-08-15,4,Medical - Flu
NL-283,1,2015-08-26,2015-08-28,3,Vacation
NL-283,1,2015-05-25,2015-05-28,4,Vacation
NL-283,1,2015-06-14,2015-06-15,2,Vacation
NL-283,2,2015-04-27,2015-04-30,4,Medical - Flu
NL-283,3,2015-08-10,2015-08-15,6,Care for family
NL-284,1,2017-09-06,2017-09-09,4,Vacation
NL-285,1,2020-08-04,2020-08-06,3,Vacation
NL-285,1,2020-09-19,2020-09-20,2,Vacation
NL-285,2,2020-07-19,2020-07-22,4,Medical - Flu
NL-286,1,2019-04-09,2019-04-12,4,Vacation
NL-286,1,2018-12-25,2018-12-27,3,Vacation
NL-286,3,2019-09-05,2019-09-06,2,Care for family
NL-286,4,2019-03-30,2019-04-02,4,Family bereavement
NL-287,1,2025-06-29,2025-07-01,3,Vacation
NL-287,1,2025-03-26,2025-03-29,4,Vacation
NL-287,1,2025-02-05,2025-02-06,2,Vacation
NL-288,1,2017-06-02,2017-06-05,4,Vacation
NL-288,1,2017-10-17,2017-10-18,2,Vacation
NL-288,1,2017-11-10,2017-11-12,3,Vacation
NL-289,1,2022-12-20,2022-12-23,4,Vacation
NL-289,1,2022-12-19,2022-12-20,2,Vacation
NL-289,1,2022-09-22,2022-09-24,3,Vacation
NL-290,1,2022-12-13,2022-12-15,3,Vacation
NL-290,1,2023-03-05,2023-03-08,4,Vacation
NL-290,2,2022-10-04,2022-10-07,4,Medical - Flu
NL-290,5,2023-01-10,2023-01-10,1,LOP
NL-291,1,2024-06-17,2024-06-18,2,Vacation
NL-291,1,2025-01-29,2025-01-30,2,Vacation
NL-291,1,2024-12-02,2024-12-03,2,Vacation
NL-291,2,2024-12-07,2024-12-10,4,Medical - Flu
NL-291,3,2024-08-09,2024-08-11,3,Care for family
NL-292,1,2023-12-27,2023-12-28,2,Vacation
NL-292,2,2023-08-17,2023-08-20,4,Medical - Flu
NLI-043,1,2021-01-04,2021-01-07,4,Vacation
NLI-043,1,2021-03-23,2021-03-26,4,Vacation
NL-293,1,2022-01-10,2022-01-11,2,Vacation
NLI-044,1,2021-02-02,2021-02-04,3,Vacation
NLI-044,1,2020-09-14,2020-09-16,3,Vacation
NLI-044,1,2021-04-04,2021-04-07,4,Vacation
NLI-044,2,2021-02-14,2021-02-17,4,Medical - Flu
NLI-044,3,2020-12-31,2021-01-04,5,Care for family
NL-294,1,2015-08-26,2015-08-28,3,Vacation
NL-294,1,2015-10-24,2015-10-25,2,Vacation
NL-295,1,2024-08-06,2024-08-07,2,Vacation
NL-295,1,2025-01-18,2025-01-21,4,Vacation
NL-295,1,2024-08-14,2024-08-15,2,Vacation
NL-295,4,2024-09-08,2024-09-10,3,Family bereavement
NL-295,5,2025-01-29,2025-01-30,2,LOP
NL-296,1,2015-07-08,2015-07-09,2,Vacation
NL-296,1,2015-08-29,2015-09-01,4,Vacation
NL-296,1,2015-07-18,2015-07-20,3,Vacation
NL-297,1,2020-05-18,2020-05-21,4,Vacation
NL-298,1,2016-04-13,2016-04-16,4,Vacation
NL-299,1,2023-07-21,2023-07-24,4,Vacation
NL-299,1,2023-07-02,2023-07-03,2,Vacation
NL-299,1,2023-02-05,2023-02-08,4,Vacation
NL-299,3,2023-05-01,2023-05-05,5,Care for family
NL-300,1,2018-02-09,2018-02-12,4,Vacation
NL-300,1,2018-03-11,2018-03-13,3,Vacation
NL-300,1,2018-01-13,2018-01-16,4,Vacation
NL-301,1,2020-06-29,2020-07-02,4,Vacation
NL-301,2,2020-07-29,2020-08-01,4,Medical - Flu
NL-302,1,2016-03-07,2016-03-09,3,Vacation
NL-302,2,2016-06-18,2016-06-21,4,Medical - Flu
NL-303,1,2023-02-12,2023-02-15,4,Vacation
NL-303,1,2022-10-23,2022-10-26,4,Vacation
NL-303,1,2023-06-06,2023-06-08,3,Vacation
NLI-045,1,2014-11-11,2014-11-14,4,Vacation
NLI-046,1,2019-09-02,2019-09-03,2,Vacation
NLI-046,2,2019-08-02,2019-08-05,4,Medical - Flu
NL-304,1,2019-02-03,2019-02-04,2,Vacation
NL-304,5,2018-08-16,2018-08-16,1,LOP
NL-305,1,2019-11-03,2019-11-05,3,Vacation
NL-305,2,2020-02-03,2020-02-06,4,Medical - Flu
NL-305,3,2020-02-14,2020-02-16,3,Care for family
NL-306,1,2020-02-07,2020-02-10,4,Vacation
NL-306,1,2019-10-01,2019-10-04,4,Vacation
NL-307,1,2023-09-16,2023-09-19,4,Vacation
NL-308,1,2025-07-16,2025-07-17,2,Vacation
NL-309,1,2015-05-14,2015-05-15,2,Vacation
NL-309,2,2015-04-18,2015-04-21,4,Medical - Flu
NL-310,1,2020-06-24,2020-06-25,2,Vacation
NL-310,1,2020-08-17,2020-08-18,2,Vacation
NL-310,1,2020-08-08,2020-08-10,3,Vacation
NL-310,5,2020-04-07,2020-04-07,1,LOP
NL-311,1,2024-02-06,2024-02-08,3,Vacation
NL-311,1,2024-04-16,2024-04-18,3,Vacation
NL-311,3,2024-07-16,2024-07-21,6,Care for family
NLI-047,1,2015-07-22,2015-07-23,2,Vacation
NLI-047,1,2015-05-12,2015-05-14,3,Vacation
NLI-047,1,2015-10-31,2015-11-01,2,Vacation
NLI-047,4,2015-04-14,2015-04-15,2,Family bereavement
NL-312,1,2014-06-28,2014-07-01,4,Vacation
NL-312,1,2014-04-10,2014-04-11,2,Vacation
NL-312,2,2014-04-22,2014-04-25,4,Medical - Flu
NL-313,1,2014-06-07,2014-06-09,3,Vacation
NL-313,3,2014-07-06,2014-07-07,2,Care for family
NL-314,1,2024-10-04,2024-10-05,2,Vacation
NL-314,1,2024-08-10,2024-08-12,3,Vacation
NL-315,1,2017-04-03,2017-04-06,4,Vacation
NL-315,1,2017-03-02,2017-03-05,4,Vacation
NL-315,4,2017-07-28,2017-07-31,4,Family bereavement
NL-316,1,2022-03-28,2022-03-29,2,Vacation
NL-316,2,2022-07-26,2022-07-29,4,Medical - Flu
NL-317,1,2022-03-30,2022-04-02,4,Vacation
NL-317,1,2022-07-08,2022-07-10,3,Vacation
NL-317,2,2022-02-01,2022-02-04,4,Medical - Flu
NL-318,1,2015-04-23,2015-04-25,3,Vacation
NL-318,1,2015-02-28,2015-03-02,3,Vacation
NL-318,5,2015-01-23,2015-01-24,2,LOP
NL-319,1,2015-11-03,2015-11-05,3,Vacation
NL-320,1,2024-10-18,2024-10-21,4,Vacation
NL-321,1,2015-12-22,2015-12-25,4,Vacation
NL-322,1,2019-07-31,2019-08-01,2,Vacation
NL-322,1,2019-04-01,2019-04-04,4,Vacation
NL-322,1,2019-04-29,2019-05-02,4,Vacation
NL-323,1,2018-03-17,2018-03-18,2,Vacation
NL-323,1,2018-04-25,2018-04-28,4,Vacation
NL-323,2,2018-04-28,2018-05-01,4,Medical - Flu
NLI-048,1,2019-02-10,2019-02-11,2,Vacation
NLI-048,3,2018-11-14,2018-11-17,4,Care for family
NL-324,1,2018-04-07,2018-04-09,3,Vacation
NL-324,1,2018-04-01,2018-04-02,2,Vacation
NL-324,1,2018-03-15,2018-03-18,4,Vacation
NL-325,1,2024-02-20,2024-02-22,3,Vacation
NL-325,2,2024-04-30,2024-05-03,4,Medical - Flu
NL-325,4,2024-08-20,2024-08-23,4,Family bereavement
NL-326,1,2022-05-12,2022-05-15,4,Vacation
NL-326,1,2022-02-04,2022-02-05,2,Vacation
NL-326,1,2022-06-19,2022-06-20,2,Vacation
NL-326,3,2022-06-08,2022-06-13,6,Care for family
NL-327,1,2024-10-26,2024-10-27,2,Vacation
NL-327,1,2024-10-31,2024-11-02,3,Vacation
NL-327,3,2024-10-01,2024-10-04,4,Care for family
NLI-049,1,2016-10-10,2016-10-12,3,Vacation
NLI-049,1,2016-06-19,2016-06-21,3,Vacation
NLI-050,1,2021-10-14,2021-10-15,2,Vacation
NL-328,1,2017-12-18,2017-12-20,3,Vacation
NL-328,1,2018-02-12,2018-02-13,2,Vacation
NL-328,1,2018-03-09,2018-03-12,4,Vacation
NL-328,5,2017-11-06,2017-11-07,2,LOP
NL-329,1,2020-05-23,2020-05-26,4,Vacation
NL-329,1,2020-02-13,2020-02-15,3,Vacation
NL-329,1,2020-10-08,2020-10-10,3,Vacation
NL-329,2,2020-02-04,2020-02-07,4,Medical - Flu
NLI-051,1,2023-03-14,2023-03-15,2,Vacation
NLI-051,1,2023-09-08,2023-09-09,2,Vacation
NLI-051,2,2023-03-24,2023-03-27,4,Medical - Flu
NLI-051,4,2023-04-01,2023-04-04,4,Family bereavement
NL-330,1,2020-09-24,2020-09-25,2,Vacation
NL-330,2,2020-12-29,2021-01-01,4,Medical - Flu
NL-330,5,2020-10-25,2020-10-25,1,LOP
NLI-052,1,2021-03-16,2021-03-17,2,Vacation
NLI-052,1,2020-10-17,2020-10-18,2,Vacation
NLI-052,1,2021-01-22,2021-01-23,2,Vacation
NL-331,1,2020-11-08,2020-11-10,3,Vacation
NL-331,1,2021-06-26,2021-06-29,4,Vacation
NL-331,5,2020-10-17,2020-10-18,2,LOP
NL-332,1,2022-09-16,2022-09-18,3,Vacation
NL-332,2,2022-12-02,2022-12-05,4,Medical - Flu
NL-332,3,2023-01-22,2023-01-26,5,Care for family
NL-333,1,2017-05-27,2017-05-30,4,Vacation
NL-333,1,2017-03-19,2017-03-21,3,Vacation
NL-333,1,2017-09-02,2017-09-03,2,Vacation
NL-333,4,2017-06-09,2017-06-11,3,Family bereavement
NL-334,1,2024-02-21,2024-02-23,3,Vacation
NL-334,1,2024-05-27,2024-05-30,4,Vacation
NL-334,1,2024-10-23,2024-10-26,4,Vacation
NLI-053,1,2020-09-11,2020-09-12,2,Vacation
NLI-053,1,2020-05-27,2020-05-30,4,Vacation
NL-335,1,2019-01-11,2019-01-14,4,Vacation
NL-335,1,2018-10-01,2018-10-04,4,Vacation
NL-335,5,2018-09-20,2018-09-21,2,LOP
NL-336,1,2016-12-16,2016-12-19,4,Vacation
NL-336,5,2017-04-06,2017-04-06,1,LOP
NL-337,1,2020-01-30,2020-01-31,2,Vacation
NL-337,1,2020-01-19,2020-01-22,4,Vacation
NL-337,1,2020-01-16,2020-01-19,4,Vacation
NL-337,5,2020-04-28,2020-04-29,2,LOP
NL-338,1,2019-08-15,2019-08-16,2,Vacation
NL-338,1,2019-08-29,2019-08-31,3,Vacation
NL-338,1,2019-02-09,2019-02-12,4,Vacation
NL-338,2,2019-06-15,2019-06-18,4,Medical - Flu
NL-339,1,2016-05-25,2016-05-26,2,Vacation
NL-339,2,2016-01-12,2016-01-15,4,Medical - Flu
NL-339,5,2016-04-01,2016-04-01,1,LOP
NL-340,1,2025-02-01,2025-02-04,4,Vacation
NL-340,4,2025-02-10,2025-02-11,2,Family bereavement
NL-340,5,2024-11-07,2024-11-07,1,LOP
NLI-054,1,2019-04-19,2019-04-21,3,Vacation
NLI-054,1,2018-10-10,2018-10-12,3,Vacation
NLI-054,3,2019-02-07,2019-02-12,6,Care for family
NL-341,1,2024-07-29,2024-08-01,4,Vacation
NL-342,1,2021-05-28,2021-05-30,3,Vacation
NL-342,1,2021-03-20,2021-03-21,2,Vacation
NL-343,1,2015-05-18,2015-05-19,2,Vacation
NL-343,2,2015-04-25,2015-04-28,4,Medical - Flu
NL-344,1,2015-07-26,2015-07-29,4,Vacation
NL-345,1,2019-05-16,2019-05-17,2,Vacation
NL-345,1,2019-07-05,2019-07-07,3,Vacation
NL-345,1,2019-09-19,2019-09-22,4,Vacation
NL-345,4,2019-09-07,2019-09-09,3,Family bereavement
NL-346,1,2023-01-11,2023-01-12,2,Vacation
NL-346,1,2022-10-11,2022-10-14,4,Vacation
NL-346,1,2022-12-26,2022-12-28,3,Vacation
NL-346,2,2022-07-19,2022-07-22,4,Medical - Flu
NL-346,3,2022-12-10,2022-12-15,6,Care for family
NL-347,1,2017-11-14,2017-11-17,4,Vacation
NL-347,1,2017-08-07,2017-08-08,2,Vacation
NL-347,2,2017-11-26,2017-11-29,4,Medical - Flu
NL-348,1,2021-02-12,2021-02-15,4,Vacation
NL-348,1,2021-07-03,2021-07-05,3,Vacation
NL-348,2,2021-01-22,2021-01-25,4,Medical - Flu
NL-349,1,2021-12-15,2021-12-18,4,Vacation
NL-349,1,2022-06-30,2022-07-01,2,Vacation
NL-349,1,2022-03-18,2022-03-19,2,Vacation
NL-350,1,2016-01-27,2016-01-30,4,Vacation
NL-350,1,2016-01-12,2016-01-15,4,Vacation
NL-350,1,2015-10-07,2015-10-10,4,Vacation
NL-351,1,2014-12-07,2014-12-09,3,Vacation
NL-351,1,2015-05-04,2015-05-07,4,Vacation
NL-351,1,2014-12-26,2014-12-27,2,Vacation
NL-351,2,2014-11-24,2014-11-27,4,Medical - Flu
NL-352,1,2020-11-12,2020-11-14,3,Vacation
NL-352,1,2020-11-17,2020-11-20,4,Vacation
NL-352,1,2020-09-26,2020-09-28,3,Vacation
NL-352,2,2020-10-11,2020-10-14,4,Medical - Flu
NL-353,1,2021-08-02,2021-08-05,4,Vacation
NL-353,1,2022-01-26,2022-01-27,2,Vacation
NL-354,1,2023-01-17,2023-01-18,2,Vacation
NL-355,1,2024-06-29,2024-07-02,4,Vacation
NL-355,1,2024-07-13,2024-07-15,3,Vacation
NL-355,5,2024-05-25,2024-05-26,2,LOP
NL-356,1,2018-08-05,2018-08-06,2,Vacation
NL-356,1,2018-04-10,2018-04-11,2,Vacation
NL-356,1,2018-06-15,2018-06-18,4,Vacation
NL-357,1,2022-05-06,2022-05-09,4,Vacation
NL-357,1,2022-01-23,2022-01-25,3,Vacation
NL-357,2,2022-04-22,2022-04-25,4,Medical - Flu
NL-357,3,2022-07-28,2022-07-31,4,Care for family
NL-358,1,2025-01-05,2025-01-08,4,Vacation
NL-358,3,2025-02-10,2025-02-12,3,Care for family
NL-358,4,2025-04-11,2025-04-13,3,Family bereavement
NLI-055,1,2023-11-19,2023-11-21,3,Vacation
NLI-055,1,2024-03-15,2024-03-17,3,Vacation
NLI-055,2,2023-11-13,2023-11-16,4,Medical - Flu
NLI-055,3,2024-05-10,2024-05-13,4,Care for family
NL-359,1,2018-07-26,2018-07-28,3,Vacation
NL-359,1,2018-05-02,2018-05-04,3,Vacation
NL-359,1,2018-06-26,2018-06-29,4,Vacation
NL-359,2,2018-04-21,2018-04-24,4,Medical - Flu
NL-360,1,2020-05-03,2020-05-04,2,Vacation
NL-360,1,2020-11-22,2020-11-25,4,Vacation
NL-360,1,2020-05-07,2020-05-09,3,Vacation
NL-361,1,2017-10-01,2017-10-02,2,Vacation
NL-361,3,2018-01-13,2018-01-18,6,Care for family
NLI-056,1,2023-05-27,2023-05-30,4,Vacation
NLI-056,1,2023-11-12,2023-11-13,2,Vacation
NLI-056,3,2023-10-16,2023-10-20,5,Care for family
NL-362,1,2015-12-15,2015-12-17,3,Vacation
NL-362,1,2016-04-28,2016-05-01,4,Vacation
NL-362,1,2016-04-04,2016-04-07,4,Vacation
NL-362,2,2015-11-24,2015-11-27,4,Medical - Flu
NL-362,4,2016-03-24,2016-03-25,2,Family bereavement
NL-363,1,2022-07-24,2022-07-26,3,Vacation
NL-363,1,2022-04-10,2022-04-12,3,Vacation
NL-363,1,2022-03-21,2022-03-22,2,Vacation
NL-363,3,2022-04-14,2022-04-18,5,Care for family
NLI-057,1,2019-11-10,2019-11-12,3,Vacation
NL-364,1,2020-09-11,2020-09-13,3,Vacation
NL-364,2,2020-02-29,2020-03-03,4,Medical - Flu
NL-364,5,2020-05-10,2020-05-11,2,LOP
NL-365,1,2020-12-30,2021-01-01,3,Vacation
NL-366,1,2018-11-04,2018-11-07,4,Vacation
NL-366,1,2019-02-13,2019-02-15,3,Vacation
NL-367,1,2023-03-11,2023-03-14,4,Vacation
NL-367,1,2022-12-26,2022-12-27,2,Vacation
NL-367,1,2023-07-14,2023-07-17,4,Vacation
NL-367,2,2023-05-27,2023-05-30,4,Medical - Flu
NL-368,1,2024-10-30,2024-11-02,4,Vacation
NL-368,1,2024-05-01,2024-05-04,4,Vacation
NL-368,1,2024-05-31,2024-06-01,2,Vacation
NL-368,2,2024-04-18,2024-04-21,4,Medical - Flu
NL-369,1,2019-10-06,2019-10-08,3,Vacation
NL-369,1,2019-04-13,2019-04-16,4,Vacation
NL-369,5,2019-01-31,2019-01-31,1,LOP
NL-370,1,2017-01-23,2017-01-24,2,Vacation
NL-370,1,2016-08-06,2016-08-09,4,Vacation
NL-370,2,2017-01-11,2017-01-14,4,Medical - Flu
NL-371,1,2016-12-09,2016-12-10,2,Vacation
NL-371,1,2016-05-31,2016-06-03,4,Vacation
NL-371,1,2016-05-09,2016-05-10,2,Vacation
NL-371,2,2016-08-31,2016-09-03,4,Medical - Flu
NL-371,3,2016-11-16,2016-11-17,2,Care for family
NL-372,1,2022-03-27,2022-03-29,3,Vacation
NL-372,1,2022-01-11,2022-01-13,3,Vacation
NL-372,1,2022-04-11,2022-04-12,2,Vacation
NL-373,1,2023-10-27,2023-10-29,3,Vacation
NL-373,1,2024-01-13,2024-01-14,2,Vacation
NL-373,1,2023-07-23,2023-07-24,2,Vacation
NL-374,1,2022-12-27,2022-12-29,3,Vacation
NL-374,5,2023-03-23,2023-03-24,2,LOP
NL-375,1,2023-06-27,2023-06-28,2,Vacation
NL-375,1,2023-07-26,2023-07-28,3,Vacation
NL-375,1,2023-07-28,2023-07-31,4,Vacation
NL-375,4,2023-09-04,2023-09-06,3,Family bereavement
NL-376,1,2021-07-12,2021-07-14,3,Vacation
NL-376,1,2021-08-20,2021-08-21,2,Vacation
NL-376,1,2021-07-20,2021-07-22,3,Vacation
NL-376,3,2021-06-20,2021-06-25,6,Care for family
NL-377,1,2017-11-28,2017-12-01,4,Vacation
NL-377,2,2017-06-05,2017-06-08,4,Medical - Flu
NLI-058,1,2022-07-01,2022-07-04,4,Vacation
NL-378,1,2019-06-04,2019-06-06,3,Vacation
NL-378,1,2019-04-26,2019-04-28,3,Vacation
NL-378,1,2019-04-10,2019-04-11,2,Vacation
NL-378,2,2019-04-23,2019-04-26,4,Medical - Flu
NL-378,4,2019-11-14,2019-11-15,2,Family bereavement
NLI-059,1,2021-03-31,2021-04-03,4,Vacation
NL-379,1,2021-07-26,2021-07-29,4,Vacation
NL-379,1,2021-05-27,2021-05-30,4,Vacation
NL-379,1,2021-11-09,2021-11-11,3,Vacation
NL-379,2,2021-09-07,2021-09-10,4,Medical - Flu
NL-379,4,2021-07-18,2021-07-19,2,Family bereavement
NL-380,1,2020-01-19,2020-01-21,3,Vacation
NL-380,1,2019-11-17,2019-11-20,4,Vacation
NL-380,1,2019-07-01,2019-07-02,2,Vacation
NL-380,2,2019-10-31,2019-11-03,4,Medical - Flu
NL-380,3,2019-12-29,2020-01-01,4,Care for family
NL-380,4,2019-12-26,2019-12-27,2,Family bereavement
NL-381,1,2014-09-10,2014-09-12,3,Vacation
NL-381,1,2014-11-05,2014-11-08,4,Vacation
NL-381,1,2014-10-18,2014-10-21,4,Vacation
NL-381,4,2014-09-29,2014-09-30,2,Family bereavement
NL-382,1,2020-01-06,2020-01-09,4,Vacation
NL-382,1,2020-01-28,2020-01-29,2,Vacation
NL-383,1,2016-08-11,2016-08-14,4,Vacation
NL-384,1,2024-11-13,2024-11-16,4,Vacation
NL-384,1,2024-08-09,2024-08-12,4,Vacation
NL-384,3,2025-02-12,2025-02-16,5,Care for family
NL-384,4,2025-03-05,2025-03-06,2,Family bereavement
NL-384,5,2024-08-27,2024-08-28,2,LOP
NL-385,1,2025-02-02,2025-02-03,2,Vacation
NL-385,1,2025-05-17,2025-05-18,2,Vacation
NL-385,1,2025-02-16,2025-02-19,4,Vacation
NL-385,5,2025-03-21,2025-03-22,2,LOP
NL-386,1,2023-05-29,2023-05-31,3,Vacation
NL-386,1,2023-04-18,2023-04-20,3,Vacation
NL-387,1,2018-11-17,2018-11-20,4,Vacation
NL-388,1,2020-03-06,2020-03-08,3,Vacation
NL-389,1,2017-08-12,2017-08-13,2,Vacation
NL-389,1,2017-04-25,2017-04-27,3,Vacation
NL-389,1,2017-05-22,2017-05-24,3,Vacation
NL-390,1,2014-05-17,2014-05-19,3,Vacation
NL-390,1,2014-09-17,2014-09-20,4,Vacation
NL-390,4,2014-08-10,2014-08-11,2,Family bereavement
NL-391,1,2020-04-30,2020-05-03,4,Vacation
NL-391,1,2019-12-16,2019-12-19,4,Vacation
NL-391,1,2019-10-15,2019-10-18,4,Vacation
NL-391,4,2020-02-20,2020-02-23,4,Family bereavement
NL-392,1,2023-12-22,2023-12-23,2,Vacation
NL-392,1,2023-12-07,2023-12-08,2,Vacation
NL-392,2,2023-12-19,2023-12-22,4,Medical - Flu
NL-392,3,2024-05-23,2024-05-27,5,Care for family
NL-393,1,2018-05-10,2018-05-11,2,Vacation
NL-393,3,2018-01-28,2018-01-29,2,Care for family
NL-394,1,2017-09-16,2017-09-17,2,Vacation
NL-394,2,2017-10-10,2017-10-13,4,Medical - Flu
NL-395,1,2021-04-02,2021-04-03,2,Vacation
NL-395,1,2021-03-24,2021-03-27,4,Vacation
NL-395,1,2021-03-13,2021-03-16,4,Vacation
NL-395,2,2021-02-21,2021-02-24,4,Medical - Flu
NL-396,1,2014-12-16,2014-12-18,3,Vacation
NL-396,1,2014-12-25,2014-12-27,3,Vacation
NL-396,1,2014-12-31,2015-01-02,3,Vacation
NLI-060,1,2023-03-24,2023-03-26,3,Vacation
NLI-060,1,2023-09-19,2023-09-20,2,Vacation
NLI-060,1,2023-06-28,2023-06-30,3,Vacation
NL-397,1,2018-07-02,2018-07-04,3,Vacation
NL-397,1,2018-08-30,2018-09-01,3,Vacation
NL-397,1,2018-12-11,2018-12-14,4,Vacation
NL-397,5,2018-10-09,2018-10-10,2,LOP
NL-398,1,2021-02-06,2021-02-08,3,Vacation
NL-399,1,2016-04-09,2016-04-12,4,Vacation
NL-399,1,2016-03-06,2016-03-09,4,Vacation
NL-399,1,2016-06-05,2016-06-08,4,Vacation
NL-399,4,2016-07-07,2016-07-09,3,Family bereavement
NL-400,1,2019-06-24,2019-06-25,2,Vacation
NL-400,1,2019-07-20,2019-07-22,3,Vacation
NL-400,1,2019-01-17,2019-01-19,3,Vacation
NL-400,2,2019-07-10,2019-07-13,4,Medical - Flu
NL-401,1,2014-11-29,2014-11-30,2,Vacation
NL-401,3,2014-12-04,2014-12-08,5,Care for family
NL-402,1,2017-02-21,2017-02-22,2,Vacation
NL-403,1,2015-07-21,2015-07-24,4,Vacation
NL-403,1,2015-06-17,2015-06-20,4,Vacation
NLI-061,1,2019-02-23,2019-02-26,4,Vacation
NLI-061,1,2019-05-04,2019-05-07,4,Vacation
NL-404,1,2022-01-14,2022-01-17,4,Vacation
NL-404,2,2022-03-08,2022-03-11,4,Medical - Flu
NL-405,1,2024-05-17,2024-05-18,2,Vacation
NL-405,1,2024-05-04,2024-05-06,3,Vacation
NL-406,1,2022-06-20,2022-06-23,4,Vacation
NL-406,1,2022-03-29,2022-04-01,4,Vacation
NL-406,1,2022-09-05,2022-09-07,3,Vacation
NL-406,2,2022-06-17,2022-06-20,4,Medical - Flu
NL-406,3,2022-06-22,2022-06-26,5,Care for family
NL-406,5,2022-08-15,2022-08-15,1,LOP
NL-407,1,2023-02-27,2023-03-02,4,Vacation
NL-407,1,2022-09-02,2022-09-04,3,Vacation
NL-407,4,2023-02-26,2023-02-27,2,Family bereavement
NL-408,1,2018-01-07,2018-01-10,4,Vacation
NL-408,1,2018-02-10,2018-02-11,2,Vacation
NL-408,5,2017-11-20,2017-11-20,1,LOP
NLI-062,1,2017-03-12,2017-03-14,3,Vacation
NLI-062,1,2017-11-01,2017-11-04,4,Vacation
NL-409,1,2021-01-29,2021-02-01,4,Vacation
NL-409,1,2021-04-25,2021-04-27,3,Vacation
NL-409,1,2021-06-08,2021-06-11,4,Vacation
NL-410,1,2018-11-20,2018-11-22,3,Vacation
NL-410,1,2018-12-26,2018-12-27,2,Vacation
NL-410,1,2018-12-27,2018-12-30,4,Vacation
NLI-063,1,2023-03-17,2023-03-18,2,Vacation
NLI-063,1,2023-05-29,2023-05-31,3,Vacation
NLI-063,1,2023-05-16,2023-05-19,4,Vacation
NL-411,1,2025-04-03,2025-04-06,4,Vacation
NL-412,1,2016-06-10,2016-06-13,4,Vacation
NL-412,1,2016-05-06,2016-05-08,3,Vacation
NL-412,1,2016-05-05,2016-05-06,2,Vacation
NL-413,1,2023-12-29,2023-12-30,2,Vacation
NL-413,2,2023-12-03,2023-12-06,4,Medical - Flu
NL-414,1,2014-11-08,2014-11-10,3,Vacation
NL-414,1,2015-03-16,2015-03-17,2,Vacation
NL-414,2,2015-01-14,2015-01-17,4,Medical - Flu
NL-414,5,2014-12-04,2014-12-05,2,LOP
NL-415,1,2014-09-21,2014-09-23,3,Vacation
NLI-064,1,2016-09-16,2016-09-18,3,Vacation
NLI-064,1,2016-06-11,2016-06-13,3,Vacation
NLI-064,1,2016-10-17,2016-10-19,3,Vacation
NLI-064,5,2016-10-27,2016-10-27,1,LOP
NL-416,1,2014-07-08,2014-07-10,3,Vacation
NL-416,1,2014-07-17,2014-07-19,3,Vacation
NL-417,1,2017-04-14,2017-04-15,2,Vacation
NL-417,1,2017-05-14,2017-05-16,3,Vacation
NL-417,1,2017-03-27,2017-03-29,3,Vacation
NL-417,3,2017-04-26,2017-05-01,6,Care for family
NL-418,1,2019-05-19,2019-05-22,4,Vacation
NL-418,1,2019-08-09,2019-08-11,3,Vacation
NL-418,1,2019-08-03,2019-08-05,3,Vacation
NL-418,2,2019-03-19,2019-03-22,4,Medical - Flu
NL-419,1,2022-09-16,2022-09-19,4,Vacation
NL-419,1,2022-11-04,2022-11-07,4,Vacation
NL-420,1,2022-09-08,2022-09-10,3,Vacation
NL-421,1,2015-04-09,2015-04-12,4,Vacation
NL-421,1,2015-02-27,2015-03-02,4,Vacation
NL-421,3,2015-06-02,2015-06-07,6,Care for family
NL-421,4,2015-06-22,2015-06-25,4,Family bereavement
NL-421,5,2015-04-03,2015-04-03,1,LOP
NL-422,1,2018-08-28,2018-08-29,2,Vacation
NL-422,1,2018-02-17,2018-02-19,3,Vacation
NL-422,2,2018-02-20,2018-02-23,4,Medical - Flu
NL-422,3,2018-05-12,2018-05-17,6,Care for family
NLI-065,1,2021-06-19,2021-06-22,4,Vacation
NLI-065,1,2021-07-22,2021-07-24,3,Vacation
NLI-065,1,2021-11-04,2021-11-05,2,Vacation
NL-423,1,2022-12-07,2022-12-08,2,Vacation
NL-423,1,2022-07-18,2022-07-20,3,Vacation
NL-423,1,2022-10-21,2022-10-23,3,Vacation
NL-424,1,2019-07-21,2019-07-24,4,Vacation
NL-424,1,2020-01-10,2020-01-11,2,Vacation
NL-424,1,2019-11-06,2019-11-07,2,Vacation
NL-424,4,2020-02-27,2020-02-29,3,Family bereavement
NL-424,5,2019-10-05,2019-10-06,2,LOP
NL-425,1,2015-07-21,2015-07-24,4,Vacation
NL-425,1,2015-09-02,2015-09-04,3,Vacation
NL-425,1,2015-07-23,2015-07-25,3,Vacation
NL-425,2,2015-07-26,2015-07-29,4,Medical - Flu
NL-425,3,2015-03-28,2015-03-30,3,Care for family
NL-425,5,2015-03-06,2015-03-06,1,LOP
NL-426,1,2014-08-14,2014-08-17,4,Vacation
NL-426,2,2014-08-19,2014-08-22,4,Medical - Flu
NL-427,1,2021-07-26,2021-07-29,4,Vacation
NL-427,2,2021-08-03,2021-08-06,4,Medical - Flu
NL-428,1,2016-07-07,2016-07-08,2,Vacation
NL-428,1,2016-09-07,2016-09-10,4,Vacation
NL-428,1,2016-06-14,2016-06-17,4,Vacation
NL-428,2,2016-06-14,2016-06-17,4,Medical - Flu
NL-428,3,2016-03-20,2016-03-22,3,Care for family
NL-429,1,2021-04-24,2021-04-26,3,Vacation
NL-430,1,2021-01-09,2021-01-12,4,Vacation
NL-430,1,2020-05-03,2020-05-06,4,Vacation
NL-430,2,2020-10-25,2020-10-28,4,Medical - Flu
NL-431,1,2018-07-02,2018-07-05,4,Vacation
NL-431,1,2017-10-28,2017-10-30,3,Vacation
NL-431,1,2018-06-04,2018-06-07,4,Vacation
NL-431,4,2017-12-05,2017-12-08,4,Family bereavement
NL-432,1,2018-03-13,2018-03-14,2,Vacation
NL-432,3,2018-03-01,2018-03-03,3,Care for family
NL-432,4,2018-05-08,2018-05-09,2,Family bereavement
NL-433,1,2016-05-19,2016-05-21,3,Vacation
NL-433,1,2016-10-28,2016-10-30,3,Vacation
NL-433,2,2016-08-04,2016-08-07,4,Medical - Flu
NL-434,1,2016-04-25,2016-04-26,2,Vacation
NL-434,1,2016-02-15,2016-02-17,3,Vacation
NL-434,5,2016-05-28,2016-05-28,1,LOP
NL-435,1,2015-02-01,2015-02-03,3,Vacation
NL-435,1,2015-06-28,2015-07-01,4,Vacation
NL-435,2,2015-01-14,2015-01-17,4,Medical - Flu
NL-436,1,2023-04-02,2023-04-03,2,Vacation
NL-436,3,2023-06-17,2023-06-20,4,Care for family
NL-437,1,2023-10-14,2023-10-16,3,Vacation
NL-437,1,2023-05-06,2023-05-08,3,Vacation
NL-437,1,2023-10-12,2023-10-13,2,Vacation
NL-438,1,2014-08-05,2014-08-07,3,Vacation
NL-439,1,2016-04-14,2016-04-16,3,Vacation
NL-440,1,2018-01-28,2018-01-29,2,Vacation
NL-440,1,2018-05-15,2018-05-18,4,Vacation
NL-441,1,2017-09-07,2017-09-10,4,Vacation
NL-441,1,2017-07-17,2017-07-20,4,Vacation
NL-442,1,2023-03-29,2023-04-01,4,Vacation
NL-442,1,2022-11-21,2022-11-23,3,Vacation
NL-442,1,2023-04-29,2023-05-01,3,Vacation
NL-443,1,2017-09-18,2017-09-19,2,Vacation
NL-443,1,2017-08-27,2017-08-29,3,Vacation
NL-443,2,2017-12-14,2017-12-17,4,Medical - Flu
NL-443,5,2017-11-23,2017-11-23,1,LOP
NL-444,1,2023-03-27,2023-03-30,4,Vacation
NL-444,1,2023-03-22,2023-03-25,4,Vacation
NLI-066,1,2019-10-20,2019-10-23,4,Vacation
NL-445,1,2018-10-21,2018-10-23,3,Vacation
NL-445,2,2018-10-20,2018-10-23,4,Medical - Flu
NL-446,1,2018-05-21,2018-05-24,4,Vacation
NL-446,1,2018-12-28,2018-12-29,2,Vacation
NL-446,1,2018-11-30,2018-12-03,4,Vacation
NL-446,2,2018-06-16,2018-06-19,4,Medical - Flu
NL-446,4,2018-09-03,2018-09-06,4,Family bereavement
NL-447,1,2021-05-17,2021-05-20,4,Vacation
NL-447,1,2021-09-19,2021-09-22,4,Vacation
NL-447,5,2021-12-28,2021-12-28,1,LOP
NL-448,1,2016-11-21,2016-11-22,2,Vacation
NL-448,1,2016-12-02,2016-12-03,2,Vacation
NL-448,2,2016-11-25,2016-11-28,4,Medical - Flu
